date,open,high,low,close,volume
2026-07-14 14:20:00,24059.15,24063.5,24045.0,24056.3,0
2026-07-14 14:25:00,24057.55,24059.35,24040.3,24046.4,0
2026-07-14 14:30:00,24048.15,24057.4,24042.0,24057.3,0
2026-07-14 14:35:00,24057.9,24066.3,24043.15,24055.5,0
2026-07-14 14:40:00,24057.9,24059.2,24047.25,24051.2,0
2026-07-14 14:45:00,24053.0,24053.0,24024.85,24029.8,0
2026-07-14 14:50:00,24032.55,24040.35,24025.35,24030.35,0
2026-07-14 14:55:00,24032.6,24052.95,24023.9,24040.55,0
2026-07-14 15:00:00,24041.55,24065.75,24041.55,24060.25,0
2026-07-14 15:05:00,24061.9,24075.0,24056.25,24064.35,0
2026-07-14 15:10:00,24067.5,24071.4,24047.3,24052.05,0
2026-07-14 15:15:00,24052.5,24057.05,24035.05,24041.7,0
2026-07-14 15:20:00,24043.45,24049.2,24038.9,24043.3,0
2026-07-14 15:25:00,24043.1,24045.75,24027.45,24035.15,0
2026-07-15 09:15:00,24082.45,24148.3,24074.7,24147.35,0
2026-07-15 09:20:00,24147.65,24193.4,24147.65,24190.6,0
2026-07-15 09:25:00,24190.95,24211.7,24189.5,24195.7,0
2026-07-15 09:30:00,24196.5,24217.85,24196.05,24199.8,0
2026-07-15 09:35:00,24200.25,24207.7,24192.9,24194.2,0
2026-07-15 09:40:00,24196.75,24201.15,24187.7,24195.1,0
2026-07-15 09:45:00,24195.55,24207.4,24191.85,24191.85,0
2026-07-15 09:50:00,24192.1,24205.9,24191.55,24199.2,0
2026-07-15 09:55:00,24199.05,24205.05,24184.1,24184.95,0
2026-07-15 10:00:00,24185.0,24193.15,24173.5,24187.3,0
2026-07-15 10:05:00,24187.75,24200.9,24185.4,24195.1,0
2026-07-15 10:10:00,24195.1,24203.55,24188.35,24202.3,0
2026-07-15 10:15:00,24202.2,24220.05,24200.4,24213.1,0
2026-07-15 10:20:00,24210.6,24218.55,24208.05,24213.45,0
2026-07-15 10:25:00,24213.75,24217.65,24204.35,24204.95,0
2026-07-15 10:30:00,24205.8,24208.7,24200.3,24203.5,0
2026-07-15 10:35:00,24203.35,24206.35,24190.6,24197.9,0
2026-07-15 10:40:00,24198.0,24212.65,24197.1,24207.75,0
2026-07-15 10:45:00,24207.45,24210.05,24199.1,24202.5,0
2026-07-15 10:50:00,24202.65,24206.7,24192.45,24194.7,0
2026-07-15 10:55:00,24195.7,24197.5,24184.1,24185.0,0
2026-07-15 11:00:00,24184.6,24195.9,24181.25,24192.3,0
2026-07-15 11:05:00,24192.05,24194.95,24185.65,24194.8,0
2026-07-15 11:10:00,24194.8,24198.3,24171.0,24172.85,0
2026-07-15 11:15:00,24173.6,24192.5,24172.15,24187.6,0
2026-07-15 11:20:00,24187.0,24189.15,24174.05,24182.15,0
2026-07-15 11:25:00,24182.55,24206.15,24181.5,24202.65,0
2026-07-15 11:30:00,24202.45,24214.65,24194.85,24210.95,0
2026-07-15 11:35:00,24211.3,24212.85,24191.05,24191.9,0
2026-07-15 11:40:00,24192.05,24194.5,24173.35,24174.4,0
2026-07-15 11:45:00,24174.2,24185.4,24172.3,24174.75,0
2026-07-15 11:50:00,24174.6,24184.1,24166.8,24177.5,0
2026-07-15 11:55:00,24176.15,24189.45,24176.15,24180.8,0
2026-07-15 12:00:00,24181.9,24187.35,24175.0,24181.9,0
2026-07-15 12:05:00,24181.7,24189.25,24180.1,24184.3,0
2026-07-15 12:10:00,24184.7,24191.75,24175.25,24191.05,0
2026-07-15 12:15:00,24193.4,24194.35,24185.1,24191.25,0
2026-07-15 12:20:00,24191.4,24193.7,24180.9,24186.15,0
2026-07-15 12:25:00,24186.2,24190.95,24168.45,24168.45,0
2026-07-15 12:30:00,24168.4,24174.2,24162.65,24166.65,0
2026-07-15 12:35:00,24166.45,24168.7,24143.8,24145.75,0
2026-07-15 12:40:00,24145.7,24162.5,24143.15,24160.1,0
2026-07-15 12:45:00,24160.15,24162.7,24147.05,24148.0,0
2026-07-15 12:50:00,24147.45,24154.15,24123.1,24125.95,0
2026-07-15 12:55:00,24126.05,24127.45,24010.95,24054.0,0
2026-07-15 13:00:00,24053.4,24077.7,24039.3,24069.25,0
2026-07-15 13:05:00,24069.7,24076.35,24044.95,24045.75,0
2026-07-15 13:10:00,24045.7,24056.65,24041.4,24054.4,0
2026-07-15 13:15:00,24053.7,24087.45,24046.75,24085.3,0
2026-07-15 13:20:00,24084.4,24084.95,24068.3,24072.4,0
2026-07-15 13:25:00,24072.8,24078.5,24064.0,24074.95,0
2026-07-15 13:30:00,24075.0,24076.65,24058.5,24063.0,0
2026-07-15 13:35:00,24061.85,24072.5,24057.65,24064.35,0
2026-07-15 13:40:00,24064.25,24064.9,24048.5,24061.6,0
2026-07-15 13:45:00,24061.3,24073.3,24051.7,24067.85,0
2026-07-15 13:50:00,24068.55,24071.2,24044.85,24053.1,0
2026-07-15 13:55:00,24053.3,24080.3,24049.05,24078.35,0
2026-07-15 14:00:00,24077.9,24083.55,24069.4,24077.4,0
2026-07-15 14:05:00,24076.95,24098.8,24070.3,24089.05,0
2026-07-15 14:10:00,24088.65,24092.25,24079.4,24086.45,0
2026-07-15 14:15:00,24086.35,24100.85,24075.9,24082.65,0
2026-07-15 14:20:00,24082.45,24086.25,24068.3,24072.25,0
2026-07-15 14:25:00,24072.1,24079.55,24066.65,24077.65,0
2026-07-15 14:30:00,24077.95,24085.95,24072.1,24075.2,0
2026-07-15 14:35:00,24075.6,24106.0,24074.8,24105.05,0
2026-07-15 14:40:00,24105.35,24107.05,24093.5,24101.5,0
2026-07-15 14:45:00,24099.85,24105.75,24080.75,24082.6,0
2026-07-15 14:50:00,24082.9,24086.8,24075.15,24082.6,0
2026-07-15 14:55:00,24083.15,24084.85,24066.2,24067.85,0
2026-07-15 15:00:00,24067.15,24091.6,24061.05,24073.7,0
2026-07-15 15:05:00,24072.9,24080.45,24068.25,24072.65,0
2026-07-15 15:10:00,24072.5,24080.05,24071.95,24077.75,0
2026-07-15 15:15:00,24076.1,24080.45,24069.8,24079.1,0
2026-07-15 15:20:00,24077.9,24087.4,24074.45,24086.3,0
2026-07-15 15:25:00,24085.6,24091.3,24070.75,24073.45,0
2026-07-16 09:15:00,24140.7,24166.75,24119.1,24157.05,0
2026-07-16 09:20:00,24157.05,24165.85,24132.95,24140.45,0
2026-07-16 09:25:00,24143.05,24146.45,24118.65,24127.5,0
2026-07-16 09:30:00,24129.25,24141.7,24110.35,24110.45,0
2026-07-16 09:35:00,24112.0,24119.75,24097.3,24108.1,0
2026-07-16 09:40:00,24110.45,24141.1,24106.3,24140.85,0
2026-07-16 09:45:00,24141.6,24145.75,24120.95,24122.6,0
2026-07-16 09:50:00,24124.25,24125.95,24111.65,24125.55,0
2026-07-16 09:55:00,24126.75,24140.8,24125.25,24128.1,0
2026-07-16 10:00:00,24128.15,24141.0,24122.6,24130.35,0
2026-07-16 10:05:00,24131.2,24133.0,24117.55,24125.6,0
2026-07-16 10:10:00,24127.25,24129.6,24114.8,24126.45,0
2026-07-16 10:15:00,24128.4,24140.4,24123.05,24125.8,0
2026-07-16 10:20:00,24127.35,24131.0,24120.85,24130.2,0
2026-07-16 10:25:00,24130.7,24130.7,24107.45,24123.5,0
2026-07-16 10:30:00,24124.4,24125.0,24114.8,24116.45,0
2026-07-16 10:35:00,24118.1,24120.85,24109.55,24113.75,0
2026-07-16 10:40:00,24115.6,24126.75,24113.25,24126.55,0
2026-07-16 10:45:00,24127.45,24148.1,24123.95,24146.35,0
2026-07-16 10:50:00,24147.5,24157.45,24144.8,24150.9,0
2026-07-16 10:55:00,24153.1,24169.2,24152.1,24168.6,0
2026-07-16 11:00:00,24170.65,24186.0,24170.2,24173.55,0
2026-07-16 11:05:00,24175.4,24175.55,24161.9,24169.55,0
2026-07-16 11:10:00,24170.9,24171.6,24156.45,24157.9,0
2026-07-16 11:15:00,24159.1,24163.5,24147.3,24148.15,0
2026-07-16 11:20:00,24149.8,24162.5,24147.9,24151.75,0
2026-07-16 11:25:00,24152.05,24155.9,24142.1,24146.35,0
2026-07-16 11:30:00,24148.95,24158.0,24143.55,24150.6,0
2026-07-16 11:35:00,24152.3,24165.6,24144.0,24160.0,0
2026-07-16 11:40:00,24162.55,24166.8,24147.0,24149.5,0
2026-07-16 11:45:00,24151.55,24155.4,24145.9,24148.55,0
2026-07-16 11:50:00,24150.95,24152.75,24139.0,24152.75,0
2026-07-16 11:55:00,24153.55,24154.9,24146.2,24151.0,0
2026-07-16 12:00:00,24153.05,24154.05,24134.05,24138.65,0
2026-07-16 12:05:00,24141.0,24144.8,24134.8,24139.55,0
2026-07-16 12:10:00,24140.5,24144.9,24132.45,24133.9,0
2026-07-16 12:15:00,24136.3,24139.25,24131.95,24138.5,0
2026-07-16 12:20:00,24139.75,24140.85,24132.05,24138.2,0
2026-07-16 12:25:00,24139.05,24163.45,24137.65,24159.6,0
2026-07-16 12:30:00,24160.65,24160.65,24140.65,24146.5,0
2026-07-16 12:35:00,24147.35,24149.8,24137.55,24141.4,0
2026-07-16 12:40:00,24142.85,24144.7,24126.35,24130.4,0
2026-07-16 12:45:00,24133.1,24136.25,24128.8,24131.9,0
2026-07-16 12:50:00,24133.75,24133.95,24120.25,24125.6,0
2026-07-16 12:55:00,24127.2,24128.35,24120.85,24124.55,0
2026-07-16 13:00:00,24124.8,24125.05,24110.5,24125.05,0
2026-07-16 13:05:00,24126.55,24130.75,24120.05,24125.5,0
2026-07-16 13:10:00,24128.25,24128.25,24116.85,24120.6,0
2026-07-16 13:15:00,24120.95,24121.8,24108.55,24115.45,0
2026-07-16 13:20:00,24117.5,24122.2,24110.95,24114.3,0
2026-07-16 13:25:00,24115.2,24115.2,24102.7,24105.8,0
2026-07-16 13:30:00,24107.4,24107.4,24079.85,24090.55,0
2026-07-16 13:35:00,24092.9,24092.9,24066.35,24070.4,0
2026-07-16 13:40:00,24072.1,24072.1,24053.2,24053.5,0
2026-07-16 13:45:00,24055.5,24066.6,24051.75,24060.45,0
2026-07-16 13:50:00,24062.5,24082.6,24060.95,24075.25,0
2026-07-16 13:55:00,24076.25,24097.15,24075.0,24096.4,0
2026-07-16 14:00:00,24098.4,24100.85,24086.75,24091.75,0
2026-07-16 14:05:00,24093.7,24101.6,24085.8,24091.05,0
2026-07-16 14:10:00,24092.6,24100.95,24085.35,24094.15,0
2026-07-16 14:15:00,24094.6,24111.9,24091.0,24102.95,0
2026-07-16 14:20:00,24104.35,24104.5,24082.55,24090.6,0
2026-07-16 14:25:00,24091.8,24097.35,24079.7,24085.85,0
2026-07-16 14:30:00,24089.05,24100.15,24086.75,24095.15,0
2026-07-16 14:35:00,24096.9,24098.75,24085.25,24097.3,0
2026-07-16 14:40:00,24097.7,24101.95,24083.25,24096.0,0
2026-07-16 14:45:00,24099.55,24101.05,24092.0,24092.25,0
2026-07-16 14:50:00,24094.05,24100.05,24091.7,24096.35,0
2026-07-16 14:55:00,24098.75,24124.1,24096.55,24111.65,0
2026-07-16 15:00:00,24114.45,24126.55,24065.95,24067.7,0
2026-07-16 15:05:00,24067.2,24084.25,24065.95,24075.55,0
2026-07-16 15:10:00,24074.75,24078.2,24070.35,24071.1,0
2026-07-16 15:15:00,24071.15,24073.55,24061.2,24065.65,0
2026-07-16 15:20:00,24064.8,24066.15,24056.7,24058.9,0
2026-07-16 15:25:00,24059.1,24090.15,24050.45,24081.1,0
2026-07-17 09:15:00,24128.1,24194.8,24100.9,24188.3,0
2026-07-17 09:20:00,24187.85,24195.5,24182.65,24191.1,0
2026-07-17 09:25:00,24191.9,24211.4,24191.9,24211.3,0
2026-07-17 09:30:00,24210.0,24218.35,24193.2,24205.9,0
2026-07-17 09:35:00,24206.6,24225.1,24203.05,24218.6,0
2026-07-17 09:40:00,24219.15,24231.45,24216.6,24231.3,0
2026-07-17 09:45:00,24231.8,24244.6,24231.05,24237.2,0
2026-07-17 09:50:00,24236.85,24246.15,24227.3,24239.95,0
2026-07-17 09:55:00,24240.0,24242.05,24217.35,24228.5,0
2026-07-17 10:00:00,24228.85,24235.35,24210.25,24214.5,0
2026-07-17 10:05:00,24215.45,24236.0,24211.05,24231.65,0
2026-07-17 10:10:00,24231.95,24248.95,24229.8,24239.35,0
2026-07-17 10:15:00,24239.85,24278.95,24238.2,24274.25,0
2026-07-17 10:20:00,24273.95,24275.9,24253.85,24256.5,0
2026-07-17 10:25:00,24255.6,24281.7,24254.95,24281.35,0
2026-07-17 10:30:00,24281.55,24288.35,24276.1,24285.25,0
2026-07-17 10:35:00,24284.3,24286.65,24262.8,24267.25,0
2026-07-17 10:40:00,24267.25,24274.35,24244.2,24259.3,0
2026-07-17 10:45:00,24259.1,24262.65,24245.05,24249.45,0
2026-07-17 10:50:00,24249.9,24260.8,24246.15,24255.75,0
2026-07-17 10:55:00,24255.55,24262.75,24249.1,24257.05,0
2026-07-17 11:00:00,24257.0,24262.6,24247.5,24258.15,0
2026-07-17 11:05:00,24258.85,24264.15,24235.35,24242.15,0
2026-07-17 11:10:00,24241.9,24244.85,24230.9,24235.9,0
2026-07-17 11:15:00,24235.7,24243.35,24232.65,24240.75,0
2026-07-17 11:20:00,24241.65,24250.6,24235.75,24246.2,0
2026-07-17 11:25:00,24246.7,24250.9,24238.0,24243.0,0
2026-07-17 11:30:00,24243.9,24256.85,24241.0,24252.7,0
2026-07-17 11:35:00,24252.6,24259.45,24244.6,24256.5,0
2026-07-17 11:40:00,24257.05,24269.0,24253.95,24267.25,0
2026-07-17 11:45:00,24267.2,24272.25,24265.1,24266.8,0
2026-07-17 11:50:00,24267.65,24282.5,24264.9,24278.35,0
2026-07-17 11:55:00,24279.0,24283.2,24271.35,24277.15,0
2026-07-17 12:00:00,24277.85,24279.95,24264.85,24274.85,0
2026-07-17 12:05:00,24275.25,24276.95,24260.7,24273.9,0
2026-07-17 12:10:00,24274.2,24279.9,24269.0,24276.75,0
2026-07-17 12:15:00,24276.55,24284.45,24267.35,24275.3,0
2026-07-17 12:20:00,24275.45,24283.6,24268.6,24281.75,0
2026-07-17 12:25:00,24282.5,24286.35,24273.2,24277.55,0
2026-07-17 12:30:00,24277.65,24284.6,24271.65,24281.1,0
2026-07-17 12:35:00,24281.15,24284.0,24273.95,24277.75,0
2026-07-17 12:40:00,24277.75,24281.2,24259.75,24277.05,0
2026-07-17 12:45:00,24277.5,24297.3,24277.0,24293.6,0
2026-07-17 12:50:00,24294.0,24295.0,24270.85,24273.9,0
2026-07-17 12:55:00,24274.15,24285.2,24270.7,24283.35,0
2026-07-17 13:00:00,24283.3,24286.8,24276.35,24279.9,0
2026-07-17 13:05:00,24279.85,24287.45,24275.95,24277.7,0
2026-07-17 13:10:00,24278.0,24286.75,24276.2,24282.55,0
2026-07-17 13:15:00,24282.0,24283.6,24267.8,24273.55,0
2026-07-17 13:20:00,24273.6,24280.9,24263.7,24266.8,0
2026-07-17 13:25:00,24266.45,24272.2,24257.4,24268.05,0
2026-07-17 13:30:00,24267.3,24276.45,24262.7,24265.45,0
2026-07-17 13:35:00,24265.7,24274.3,24262.15,24269.5,0
2026-07-17 13:40:00,24269.5,24270.1,24245.9,24254.3,0
2026-07-17 13:45:00,24254.25,24255.25,24235.75,24240.05,0
2026-07-17 13:50:00,24239.95,24240.0,24213.45,24232.0,0
2026-07-17 13:55:00,24232.15,24252.4,24229.7,24250.1,0
2026-07-17 14:00:00,24247.45,24254.05,24241.8,24250.4,0
2026-07-17 14:05:00,24250.35,24257.45,24246.35,24252.5,0
2026-07-17 14:10:00,24252.95,24284.45,24252.75,24281.6,0
2026-07-17 14:15:00,24280.55,24367.15,24280.55,24308.95,0
2026-07-17 14:20:00,24308.45,24320.7,24290.8,24297.0,0
2026-07-17 14:25:00,24297.45,24317.05,24284.65,24288.65,0
2026-07-17 14:30:00,24287.4,24307.4,24286.85,24297.75,0
2026-07-17 14:35:00,24298.0,24301.4,24290.0,24298.5,0
2026-07-17 14:40:00,24297.9,24321.05,24297.9,24318.25,0
2026-07-17 14:45:00,24317.65,24327.65,24315.9,24324.0,0
2026-07-17 14:50:00,24323.9,24325.5,24313.9,24320.95,0
2026-07-17 14:55:00,24321.05,24334.8,24311.7,24312.1,0
2026-07-17 15:00:00,24311.75,24332.8,24311.2,24321.45,0
2026-07-17 15:05:00,24322.05,24335.05,24321.75,24333.85,0
2026-07-17 15:10:00,24333.55,24338.25,24327.95,24329.35,0
2026-07-17 15:15:00,24328.75,24330.4,24320.3,24329.25,0
2026-07-17 15:20:00,24329.0,24343.5,24326.35,24342.5,0
2026-07-17 15:25:00,24342.8,24352.65,24339.2,24343.65,0
2026-07-20 09:15:00,24190.05,24261.6,24170.95,24209.7,0
2026-07-20 09:20:00,24205.85,24217.15,24178.3,24212.65,0
2026-07-20 09:25:00,24213.5,24214.4,24181.65,24191.7,0
2026-07-20 09:30:00,24191.9,24193.05,24170.2,24180.45,0
2026-07-20 09:35:00,24182.0,24191.8,24162.75,24162.75,0
2026-07-20 09:40:00,24162.6,24178.9,24159.6,24171.45,0
2026-07-20 09:45:00,24170.6,24175.6,24157.5,24163.3,0
2026-07-20 09:50:00,24162.7,24179.15,24162.05,24178.15,0
2026-07-20 09:55:00,24176.2,24198.5,24174.75,24190.25,0
2026-07-20 10:00:00,24191.25,24207.1,24179.8,24194.55,0
2026-07-20 10:05:00,24194.55,24209.5,24190.5,24201.55,0
2026-07-20 10:10:00,24201.7,24219.4,24199.85,24209.95,0
2026-07-20 10:15:00,24210.4,24232.35,24207.35,24228.1,0
2026-07-20 10:20:00,24228.3,24230.15,24208.0,24213.75,0
2026-07-20 10:25:00,24213.75,24230.25,24209.9,24230.25,0
2026-07-20 10:30:00,24229.9,24239.2,24224.2,24224.2,0
2026-07-20 10:35:00,24225.6,24226.9,24213.95,24224.2,0
2026-07-20 10:40:00,24224.0,24229.9,24213.55,24218.45,0
2026-07-20 10:45:00,24218.4,24228.15,24216.55,24225.8,0
2026-07-20 10:50:00,24225.95,24232.4,24216.75,24223.15,0
2026-07-20 10:55:00,24223.8,24231.55,24216.55,24228.65,0
2026-07-20 11:00:00,24228.6,24231.0,24219.25,24222.8,0
2026-07-20 11:05:00,24222.85,24234.9,24211.05,24229.15,0
2026-07-20 11:10:00,24229.65,24231.65,24213.9,24214.6,0
2026-07-20 11:15:00,24215.45,24221.1,24203.05,24216.65,0
2026-07-20 11:20:00,24217.3,24224.8,24208.75,24211.5,0
2026-07-20 11:25:00,24211.2,24222.2,24205.85,24209.9,0
2026-07-20 11:30:00,24210.05,24212.55,24200.35,24207.15,0
2026-07-20 11:35:00,24206.75,24215.45,24194.95,24209.85,0
2026-07-20 11:40:00,24209.65,24211.85,24195.45,24196.25,0
2026-07-20 11:45:00,24196.45,24197.15,24188.15,24191.95,0
2026-07-20 11:50:00,24192.6,24194.8,24179.35,24179.5,0
2026-07-20 11:55:00,24179.75,24192.95,24177.0,24189.5,0
2026-07-20 12:00:00,24189.6,24191.35,24174.25,24177.05,0
2026-07-20 12:05:00,24177.2,24185.4,24175.1,24179.5,0
2026-07-20 12:10:00,24179.3,24192.45,24178.6,24187.7,0
2026-07-20 12:15:00,24187.7,24199.9,24186.95,24196.0,0
2026-07-20 12:20:00,24195.55,24198.3,24179.5,24179.8,0
2026-07-20 12:25:00,24180.0,24185.1,24168.2,24171.7,0
2026-07-20 12:30:00,24172.0,24182.3,24172.0,24175.25,0
2026-07-20 12:35:00,24175.85,24179.2,24163.4,24166.25,0
2026-07-20 12:40:00,24166.55,24173.3,24156.05,24157.2,0
2026-07-20 12:45:00,24157.4,24159.35,24136.25,24143.5,0
2026-07-20 12:50:00,24142.55,24166.4,24142.55,24164.85,0
2026-07-20 12:55:00,24164.85,24190.3,24163.3,24186.8,0
2026-07-20 13:00:00,24186.7,24189.35,24179.9,24185.2,0
2026-07-20 13:05:00,24185.55,24186.55,24175.8,24179.85,0
2026-07-20 13:10:00,24180.15,24226.0,24178.05,24225.0,0
2026-07-20 13:15:00,24224.75,24236.5,24212.4,24219.95,0
2026-07-20 13:20:00,24220.95,24237.5,24218.9,24234.7,0
2026-07-20 13:25:00,24234.6,24246.35,24224.8,24243.3,0
2026-07-20 13:30:00,24243.2,24246.5,24235.4,24236.45,0
2026-07-20 13:35:00,24237.4,24250.05,24234.45,24241.15,0
2026-07-20 13:40:00,24240.75,24241.05,24227.5,24228.8,0
2026-07-20 13:45:00,24228.25,24256.6,24227.15,24252.4,0
2026-07-20 13:50:00,24252.4,24253.75,24232.8,24240.5,0
2026-07-20 13:55:00,24240.65,24257.9,24240.0,24254.65,0
2026-07-20 14:00:00,24254.5,24262.9,24248.25,24262.25,0
2026-07-20 14:05:00,24261.85,24265.55,24253.95,24254.1,0
2026-07-20 14:10:00,24253.75,24261.75,24250.15,24250.9,0
2026-07-20 14:15:00,24250.55,24255.45,24241.05,24254.25,0
2026-07-20 14:20:00,24254.85,24259.1,24249.45,24253.95,0
2026-07-20 14:25:00,24253.75,24258.35,24249.65,24254.75,0
2026-07-20 14:30:00,24254.8,24256.55,24239.7,24242.9,0
2026-07-20 14:35:00,24242.6,24245.7,24224.75,24230.15,0
2026-07-20 14:40:00,24230.45,24242.75,24225.6,24237.1,0
2026-07-20 14:45:00,24237.1,24243.05,24233.1,24237.35,0
2026-07-20 14:50:00,24237.35,24251.0,24237.0,24243.95,0
2026-07-20 14:55:00,24243.65,24247.4,24230.1,24230.7,0
2026-07-20 15:00:00,24233.6,24246.5,24228.4,24233.45,0
2026-07-20 15:05:00,24234.95,24239.9,24229.55,24235.45,0
2026-07-20 15:10:00,24236.7,24243.55,24234.5,24238.15,0
2026-07-20 15:15:00,24240.15,24243.6,24233.35,24239.25,0
2026-07-20 15:20:00,24241.25,24247.05,24234.6,24245.15,0
2026-07-20 15:25:00,24246.95,24248.45,24237.85,24239.5,0
2026-07-21 09:15:00,24215.95,24262.2,24206.85,24255.55,0
2026-07-21 09:20:00,24255.55,24257.8,24228.4,24236.55,0
2026-07-21 09:25:00,24237.9,24255.95,24224.95,24247.75,0
2026-07-21 09:30:00,24248.6,24255.8,24224.2,24225.8,0
2026-07-21 09:35:00,24228.85,24237.15,24217.35,24226.05,0
2026-07-21 09:40:00,24226.7,24238.0,24221.0,24236.95,0
2026-07-21 09:45:00,24237.1,24237.95,24216.9,24222.15,0
2026-07-21 09:50:00,24224.2,24240.9,24219.65,24230.5,0
2026-07-21 09:55:00,24230.55,24235.9,24225.3,24229.4,0
2026-07-21 10:00:00,24232.0,24233.6,24217.65,24220.15,0
2026-07-21 10:05:00,24221.6,24229.85,24217.55,24226.55,0
2026-07-21 10:10:00,24226.95,24227.5,24211.75,24212.3,0
2026-07-21 10:15:00,24214.7,24214.7,24202.25,24207.35,0
2026-07-21 10:20:00,24208.9,24208.9,24188.2,24192.4,0
2026-07-21 10:25:00,24194.5,24201.1,24186.65,24199.6,0
2026-07-21 10:30:00,24202.4,24202.4,24185.6,24187.3,0
2026-07-21 10:35:00,24188.8,24192.7,24174.4,24176.9,0
2026-07-21 10:40:00,24178.05,24192.15,24175.05,24187.8,0
2026-07-21 10:45:00,24189.05,24189.05,24173.8,24176.9,0
2026-07-21 10:50:00,24178.45,24178.45,24163.9,24169.0,0
2026-07-21 10:55:00,24170.9,24186.85,24166.85,24185.15,0
2026-07-21 11:00:00,24186.1,24194.65,24181.6,24190.85,0
2026-07-21 11:05:00,24192.4,24196.6,24180.75,24181.5,0
2026-07-21 11:10:00,24183.15,24192.2,24180.95,24186.5,0
2026-07-21 11:15:00,24186.45,24188.7,24177.05,24184.05,0
2026-07-21 11:20:00,24185.45,24185.65,24166.65,24175.15,0
2026-07-21 11:25:00,24177.3,24182.0,24170.5,24173.05,0
2026-07-21 11:30:00,24174.25,24187.1,24170.3,24184.15,0
2026-07-21 11:35:00,24185.0,24188.1,24168.8,24172.3,0
2026-07-21 11:40:00,24173.65,24173.65,24159.65,24161.65,0
2026-07-21 11:45:00,24162.65,24169.5,24158.35,24164.45,0
2026-07-21 11:50:00,24165.95,24169.25,24162.1,24164.45,0
2026-07-21 11:55:00,24165.7,24175.2,24162.45,24169.3,0
2026-07-21 12:00:00,24172.55,24181.9,24168.45,24181.5,0
2026-07-21 12:05:00,24182.3,24183.7,24173.9,24174.95,0
2026-07-21 12:10:00,24174.8,24180.6,24172.15,24173.65,0
2026-07-21 12:15:00,24174.9,24177.85,24170.75,24171.95,0
2026-07-21 12:20:00,24173.45,24182.7,24169.85,24173.35,0
2026-07-21 12:25:00,24174.5,24179.25,24170.45,24171.95,0
2026-07-21 12:30:00,24173.25,24186.4,24169.55,24180.8,0
2026-07-21 12:35:00,24182.9,24190.5,24178.5,24179.0,0
2026-07-21 12:40:00,24180.9,24181.2,24167.7,24172.8,0
2026-07-21 12:45:00,24175.9,24177.3,24168.65,24173.75,0
2026-07-21 12:50:00,24174.15,24174.65,24163.7,24169.1,0
2026-07-21 12:55:00,24170.85,24172.8,24148.9,24151.05,0
2026-07-21 13:00:00,24153.05,24153.25,24135.9,24142.0,0
2026-07-21 13:05:00,24144.05,24153.4,24139.35,24152.45,0
2026-07-21 13:10:00,24153.8,24159.1,24149.55,24151.55,0
2026-07-21 13:15:00,24152.2,24156.45,24148.4,24153.5,0
2026-07-21 13:20:00,24156.0,24169.4,24152.75,24165.5,0
2026-07-21 13:25:00,24166.95,24174.1,24163.95,24171.85,0
2026-07-21 13:30:00,24173.9,24181.4,24170.45,24180.7,0
2026-07-21 13:35:00,24182.4,24191.45,24180.8,24190.1,0
2026-07-21 13:40:00,24192.0,24195.3,24183.7,24190.45,0
2026-07-21 13:45:00,24192.5,24192.5,24176.2,24188.2,0
2026-07-21 13:50:00,24187.95,24192.1,24177.8,24179.75,0
2026-07-21 13:55:00,24181.3,24181.3,24158.45,24163.25,0
2026-07-21 14:00:00,24164.55,24178.05,24163.05,24175.0,0
2026-07-21 14:05:00,24176.25,24182.05,24163.8,24166.75,0
2026-07-21 14:10:00,24168.45,24170.6,24161.1,24163.25,0
2026-07-21 14:15:00,24164.65,24179.25,24154.3,24178.15,0
2026-07-21 14:20:00,24176.75,24179.3,24167.15,24174.55,0
2026-07-21 14:25:00,24176.4,24180.5,24167.95,24167.95,0
2026-07-21 14:30:00,24169.6,24175.6,24161.85,24167.15,0
2026-07-21 14:35:00,24168.1,24176.3,24156.05,24159.6,0
2026-07-21 14:40:00,24161.05,24173.0,24160.2,24173.0,0
2026-07-21 14:45:00,24173.4,24185.05,24165.85,24184.75,0
2026-07-21 14:50:00,24186.15,24186.5,24164.85,24180.5,0
2026-07-21 14:55:00,24181.75,24192.75,24174.6,24182.1,0
2026-07-21 15:00:00,24183.75,24197.2,24180.75,24181.65,0
2026-07-21 15:05:00,24183.3,24195.5,24181.5,24185.75,0
2026-07-21 15:10:00,24184.15,24188.25,24180.05,24184.1,0
2026-07-21 15:15:00,24183.4,24192.7,24182.1,24185.85,0
2026-07-21 15:20:00,24184.4,24191.05,24183.15,24188.55,0
2026-07-21 15:25:00,24187.55,24196.15,24183.55,24193.05,0
2026-07-22 09:15:00,24146.9,24164.65,24077.1,24094.1,0
2026-07-22 09:20:00,24096.6,24111.35,24087.55,24095.35,0
2026-07-22 09:25:00,24097.2,24097.2,24047.15,24048.9,0
2026-07-22 09:30:00,24051.0,24058.05,24022.2,24024.25,0
2026-07-22 09:35:00,24026.25,24032.5,24016.4,24024.05,0
2026-07-22 09:40:00,24025.8,24031.15,24022.0,24027.0,0
2026-07-22 09:45:00,24028.35,24031.3,24012.3,24014.45,0
2026-07-22 09:50:00,24015.55,24027.3,24012.25,24020.45,0
2026-07-22 09:55:00,24021.1,24022.75,24008.9,24020.2,0
2026-07-22 10:00:00,24021.8,24029.7,24012.75,24025.05,0
2026-07-22 10:05:00,24027.55,24052.75,24020.55,24050.9,0
2026-07-22 10:10:00,24052.1,24052.1,24030.85,24033.45,0
2026-07-22 10:15:00,24033.8,24033.8,24016.5,24021.45,0
2026-07-22 10:20:00,24022.65,24022.65,24000.3,24001.75,0
2026-07-22 10:25:00,24003.95,24008.4,23973.85,24007.6,0
2026-07-22 10:30:00,24009.25,24013.5,23997.85,24002.1,0
2026-07-22 10:35:00,24003.5,24007.4,23993.45,23994.1,0
2026-07-22 10:40:00,23996.4,23997.55,23989.2,23989.2,0
2026-07-22 10:45:00,23991.6,24015.45,23988.25,24010.9,0
2026-07-22 10:50:00,24013.0,24021.3,24008.2,24017.7,0
2026-07-22 10:55:00,24019.75,24030.8,24017.6,24025.95,0
2026-07-22 11:00:00,24027.35,24028.1,24013.55,24018.35,0
2026-07-22 11:05:00,24019.4,24022.65,24011.35,24022.35,0
2026-07-22 11:10:00,24024.0,24027.1,24012.25,24013.7,0
2026-07-22 11:15:00,24015.2,24030.5,24013.0,24024.95,0
2026-07-22 11:20:00,24027.9,24040.35,24023.2,24037.7,0
2026-07-22 11:25:00,24039.55,24042.0,24034.4,24041.55,0
2026-07-22 11:30:00,24042.75,24048.95,24038.15,24047.65,0
2026-07-22 11:35:00,24048.7,24050.65,24036.5,24041.8,0
2026-07-22 11:40:00,24043.0,24047.9,24037.9,24045.7,0
2026-07-22 11:45:00,24046.8,24049.0,24038.2,24039.2,0
2026-07-22 11:50:00,24041.4,24042.3,24030.1,24030.1,0
2026-07-22 11:55:00,24031.75,24034.15,24022.0,24022.0,0
2026-07-22 12:00:00,24023.4,24024.5,23998.35,24009.25,0
2026-07-22 12:05:00,24011.0,24016.25,23999.0,23999.45,0
2026-07-22 12:10:00,24001.15,24005.05,23995.25,23996.25,0
2026-07-22 12:15:00,23997.85,23999.8,23978.55,23978.85,0
2026-07-22 12:20:00,23979.25,23990.4,23968.65,23988.8,0
2026-07-22 12:25:00,23990.15,23992.95,23979.35,23980.9,0
2026-07-22 12:30:00,23982.4,23982.4,23969.4,23974.95,0
2026-07-22 12:35:00,23976.3,23976.5,23962.7,23965.15,0
2026-07-22 12:40:00,23965.95,23983.4,23961.6,23983.25,0
2026-07-22 12:45:00,23985.1,24003.65,23978.0,24003.1,0
2026-07-22 12:50:00,24004.5,24017.05,24001.5,24006.65,0
2026-07-22 12:55:00,24008.1,24013.2,24002.85,24003.6,0
2026-07-22 13:00:00,24003.3,24003.8,23985.1,23985.1,0
2026-07-22 13:05:00,23986.75,23993.4,23981.75,23988.75,0
2026-07-22 13:10:00,23990.3,23991.65,23968.3,23978.85,0
2026-07-22 13:15:00,23980.45,23986.35,23976.15,23979.9,0
2026-07-22 13:20:00,23982.45,23986.05,23973.75,23978.65,0
2026-07-22 13:25:00,23980.7,23983.7,23973.15,23979.3,0
2026-07-22 13:30:00,23981.45,23995.15,23979.3,23994.2,0
2026-07-22 13:35:00,23996.4,24014.4,23990.75,23997.8,0
2026-07-22 13:40:00,23999.4,24002.0,23983.25,23995.35,0
2026-07-22 13:45:00,23996.45,23996.55,23980.8,23981.6,0
2026-07-22 13:50:00,23983.3,23984.65,23977.15,23977.85,0
2026-07-22 13:55:00,23980.7,23986.05,23974.4,23976.5,0
2026-07-22 14:00:00,23978.15,23984.6,23971.7,23976.0,0
2026-07-22 14:05:00,23978.15,23981.8,23973.35,23977.4,0
2026-07-22 14:10:00,23979.15,23979.85,23964.6,23973.35,0
2026-07-22 14:15:00,23975.25,23988.8,23970.6,23984.3,0
2026-07-22 14:20:00,23986.4,23987.35,23975.25,23981.15,0
2026-07-22 14:25:00,23983.9,23983.9,23970.95,23972.35,0
2026-07-22 14:30:00,23974.3,23980.05,23968.5,23977.85,0
2026-07-22 14:35:00,23980.4,23992.05,23979.45,23983.35,0
2026-07-22 14:40:00,23985.45,23988.25,23972.7,23976.3,0
2026-07-22 14:45:00,23978.45,23983.0,23974.95,23981.55,0
2026-07-22 14:50:00,23982.6,23991.85,23978.85,23987.45,0
2026-07-22 14:55:00,23990.1,23990.75,23975.0,23979.9,0
2026-07-22 15:00:00,23979.9,23993.5,23973.35,23981.65,0
2026-07-22 15:05:00,23981.25,24005.4,23980.5,23997.9,0
2026-07-22 15:10:00,23998.35,24023.95,23996.05,24021.15,0
2026-07-22 15:15:00,24021.6,24024.8,24010.05,24016.2,0
2026-07-22 15:20:00,24017.85,24018.25,23991.45,23999.2,0
2026-07-22 15:25:00,24000.1,24002.25,23990.8,23991.05,0
2026-07-23 09:15:00,23907.45,23915.7,23876.75,23915.35,0
2026-07-23 09:20:00,23913.6,23951.5,23913.6,23950.2,0
2026-07-23 09:25:00,23950.15,23950.15,23920.35,23921.55,0
2026-07-23 09:30:00,23922.55,23929.8,23906.3,23917.7,0
2026-07-23 09:35:00,23918.3,23919.85,23892.6,23916.45,0
2026-07-23 09:40:00,23916.15,23917.2,23904.05,23907.75,0
2026-07-23 09:45:00,23907.6,23923.6,23901.45,23917.2,0
2026-07-23 09:50:00,23917.15,23930.9,23911.9,23922.85,0
2026-07-23 09:55:00,23923.6,23944.0,23923.6,23942.95,0
2026-07-23 10:00:00,23943.55,23964.5,23940.25,23962.45,0
2026-07-23 10:05:00,23962.5,23969.75,23946.6,23965.55,0
2026-07-23 10:10:00,23966.6,23968.0,23955.75,23957.35,0
2026-07-23 10:15:00,23957.35,23968.15,23951.3,23955.75,0
2026-07-23 10:20:00,23957.6,23958.2,23943.8,23954.8,0
2026-07-23 10:25:00,23952.0,23973.6,23949.95,23969.65,0
2026-07-23 10:30:00,23970.3,23973.2,23958.2,23962.8,0
2026-07-23 10:35:00,23962.55,23974.8,23962.45,23969.85,0
2026-07-23 10:40:00,23969.45,23978.85,23969.45,23974.95,0
2026-07-23 10:45:00,23974.8,23982.05,23969.9,23979.6,0
2026-07-23 10:50:00,23980.7,23984.2,23966.15,23967.0,0
2026-07-23 10:55:00,23967.95,23981.05,23966.25,23977.3,0
2026-07-23 11:00:00,23978.45,23988.7,23977.35,23986.7,0
2026-07-23 11:05:00,23987.45,23990.7,23979.3,23986.3,0
2026-07-23 11:10:00,23986.75,23989.05,23971.45,23972.1,0
2026-07-23 11:15:00,23973.8,23973.8,23960.2,23962.1,0
2026-07-23 11:20:00,23963.45,23963.45,23952.6,23954.55,0
2026-07-23 11:25:00,23954.85,23956.55,23944.25,23945.05,0
2026-07-23 11:30:00,23946.9,23956.3,23941.95,23953.25,0
2026-07-23 11:35:00,23953.85,23955.6,23939.95,23944.0,0
2026-07-23 11:40:00,23944.65,23950.05,23941.25,23947.6,0
2026-07-23 11:45:00,23948.55,23950.05,23943.4,23945.4,0
2026-07-23 11:50:00,23945.2,23946.85,23930.65,23938.25,0
2026-07-23 11:55:00,23938.9,23956.45,23933.9,23953.5,0
2026-07-23 12:00:00,23954.35,23964.3,23944.7,23945.5,0
2026-07-23 12:05:00,23947.0,23959.6,23942.05,23959.35,0
2026-07-23 12:10:00,23958.8,23962.0,23933.2,23934.85,0
2026-07-23 12:15:00,23936.4,23939.35,23930.5,23935.85,0
2026-07-23 12:20:00,23937.0,23937.9,23922.45,23925.05,0
2026-07-23 12:25:00,23926.05,23926.4,23911.85,23911.85,0
2026-07-23 12:30:00,23912.5,23915.0,23883.35,23899.65,0
2026-07-23 12:35:00,23899.7,23900.25,23880.25,23886.85,0
2026-07-23 12:40:00,23888.05,23888.05,23855.15,23856.95,0
2026-07-23 12:45:00,23857.25,23864.45,23849.95,23852.2,0
2026-07-23 12:50:00,23852.4,23855.95,23843.45,23854.55,0
2026-07-23 12:55:00,23855.15,23860.85,23843.85,23852.6,0
2026-07-23 13:00:00,23853.2,23854.35,23840.3,23842.6,0
2026-07-23 13:05:00,23843.75,23843.75,23831.0,23833.05,0
2026-07-23 13:10:00,23833.5,23839.25,23826.75,23831.95,0
2026-07-23 13:15:00,23832.45,23840.0,23812.0,23831.0,0
2026-07-23 13:20:00,23832.3,23844.1,23830.35,23839.85,0
2026-07-23 13:25:00,23839.9,23846.15,23832.9,23838.05,0
2026-07-23 13:30:00,23838.75,23840.45,23825.95,23829.75,0
2026-07-23 13:35:00,23831.2,23858.65,23827.35,23855.0,0
2026-07-23 13:40:00,23855.2,23864.35,23840.45,23850.8,0
2026-07-23 13:45:00,23851.85,23871.15,23850.9,23863.5,0
2026-07-23 13:50:00,23864.6,23871.95,23856.85,23857.55,0
2026-07-23 13:55:00,23858.5,23866.85,23852.0,23861.9,0
2026-07-23 14:00:00,23862.05,23867.45,23855.2,23864.15,0
2026-07-23 14:05:00,23862.95,23868.1,23852.35,23852.7,0
2026-07-23 14:10:00,23854.15,23860.8,23849.9,23850.6,0
2026-07-23 14:15:00,23851.9,23863.5,23846.8,23852.25,0
2026-07-23 14:20:00,23853.45,23869.3,23851.75,23864.2,0
2026-07-23 14:25:00,23866.05,23867.6,23857.5,23859.65,0
2026-07-23 14:30:00,23860.4,23889.0,23852.3,23888.8,0
2026-07-23 14:35:00,23889.3,23891.25,23850.85,23851.5,0
2026-07-23 14:40:00,23852.5,23853.3,23829.5,23835.75,0
2026-07-23 14:45:00,23836.65,23838.55,23816.95,23817.95,0
2026-07-23 14:50:00,23817.4,23827.8,23807.35,23823.8,0
2026-07-23 14:55:00,23824.8,23843.3,23823.55,23840.35,0
2026-07-23 15:00:00,23841.3,23871.95,23830.4,23847.05,0
2026-07-23 15:05:00,23849.15,23880.0,23846.8,23868.95,0
2026-07-23 15:10:00,23869.25,23875.15,23860.6,23873.05,0
2026-07-23 15:15:00,23873.6,23878.1,23858.55,23866.65,0
2026-07-23 15:20:00,23868.45,23883.65,23859.9,23881.95,0
2026-07-23 15:25:00,23883.55,23889.9,23863.9,23871.7,0
2026-07-24 09:15:00,23674.4,23752.05,23650.3,23751.7,0
2026-07-24 09:20:00,23751.7,23762.75,23731.1,23731.4,0
2026-07-24 09:25:00,23732.7,23732.7,23693.25,23703.55,0
2026-07-24 09:30:00,23703.4,23713.0,23686.75,23688.6,0
2026-07-24 09:35:00,23688.8,23696.2,23668.3,23669.45,0
2026-07-24 09:40:00,23669.8,23677.1,23652.6,23656.7,0
2026-07-24 09:45:00,23657.4,23664.6,23641.95,23649.0,0
2026-07-24 09:50:00,23648.7,23657.05,23631.6,23653.7,0
2026-07-24 09:55:00,23654.75,23664.75,23645.85,23646.05,0
2026-07-24 10:00:00,23647.05,23648.1,23619.75,23624.65,0
2026-07-24 10:05:00,23625.2,23629.25,23612.85,23619.05,0
2026-07-24 10:10:00,23619.0,23624.95,23607.6,23608.7,0
2026-07-24 10:15:00,23608.3,23627.65,23607.5,23611.9,0
2026-07-24 10:20:00,23611.35,23622.9,23606.45,23620.0,0
2026-07-24 10:25:00,23619.8,23623.55,23613.45,23622.25,0
2026-07-24 10:30:00,23622.2,23626.25,23610.9,23614.9,0
2026-07-24 10:35:00,23614.15,23641.7,23612.0,23637.15,0
2026-07-24 10:40:00,23637.35,23646.05,23629.55,23640.9,0
2026-07-24 10:45:00,23640.4,23651.25,23639.95,23649.1,0
2026-07-24 10:50:00,23649.25,23652.25,23634.85,23637.05,0
2026-07-24 10:55:00,23637.0,23638.65,23626.3,23627.65,0
2026-07-24 11:00:00,23627.3,23634.5,23624.05,23633.65,0
2026-07-24 11:05:00,23633.45,23637.4,23623.6,23628.85,0
2026-07-24 11:10:00,23629.4,23634.5,23617.1,23624.25,0
2026-07-24 11:15:00,23624.25,23655.05,23622.6,23651.8,0
2026-07-24 11:20:00,23651.8,23678.15,23650.85,23670.2,0
2026-07-24 11:25:00,23670.35,23673.6,23655.2,23655.7,0
2026-07-24 11:30:00,23655.7,23658.35,23649.15,23653.35,0
2026-07-24 11:35:00,23654.05,23665.05,23651.25,23663.2,0
2026-07-24 11:40:00,23663.45,23687.5,23662.4,23682.2,0
2026-07-24 11:45:00,23682.25,23699.85,23682.2,23698.25,0
2026-07-24 11:50:00,23698.45,23710.7,23698.3,23704.05,0
2026-07-24 11:55:00,23702.45,23704.85,23693.6,23696.7,0
2026-07-24 12:00:00,23697.25,23713.95,23689.25,23713.95,0
2026-07-24 12:05:00,23713.85,23717.9,23709.0,23713.05,0
2026-07-24 12:10:00,23713.2,23715.2,23701.85,23702.85,0
2026-07-24 12:15:00,23702.45,23719.5,23701.35,23717.25,0
2026-07-24 12:20:00,23717.05,23739.85,23713.75,23737.45,0
2026-07-24 12:25:00,23737.45,23792.1,23736.9,23784.25,0
2026-07-24 12:30:00,23783.8,23794.3,23760.6,23766.5,0
2026-07-24 12:35:00,23766.85,23775.2,23756.0,23771.2,0
2026-07-24 12:40:00,23771.95,23796.4,23769.55,23793.65,0
2026-07-24 12:45:00,23793.8,23805.2,23784.65,23799.9,0
2026-07-24 12:50:00,23798.95,23805.85,23793.2,23795.45,0
2026-07-24 12:55:00,23795.55,23808.55,23790.7,23797.5,0
2026-07-24 13:00:00,23797.35,23800.25,23771.45,23774.65,0
2026-07-24 13:05:00,23774.5,23775.25,23763.3,23767.5,0
2026-07-24 13:10:00,23767.85,23784.45,23767.5,23783.85,0
2026-07-24 13:15:00,23783.75,23792.9,23775.2,23790.9,0
2026-07-24 13:20:00,23792.2,23797.4,23784.45,23791.05,0
2026-07-24 13:25:00,23790.85,23800.05,23786.75,23790.65,0
2026-07-24 13:30:00,23790.6,23791.65,23764.4,23765.7,0
2026-07-24 13:35:00,23765.2,23768.3,23752.2,23766.3,0
2026-07-24 13:40:00,23767.2,23768.15,23736.0,23747.75,0
2026-07-24 13:45:00,23747.9,23765.1,23742.25,23762.3,0
2026-07-24 13:50:00,23762.95,23786.8,23762.95,23784.05,0
2026-07-24 13:55:00,23784.5,23803.05,23780.1,23802.95,0
2026-07-24 14:00:00,23803.05,23823.6,23788.8,23817.15,0
2026-07-24 14:05:00,23816.85,23817.75,23800.35,23800.35,0
2026-07-24 14:10:00,23799.7,23801.65,23790.0,23797.4,0
2026-07-24 14:15:00,23797.5,23805.75,23787.05,23789.9,0
2026-07-24 14:20:00,23789.8,23791.0,23772.6,23776.0,0
2026-07-24 14:25:00,23776.1,23788.0,23770.4,23777.65,0
2026-07-24 14:30:00,23777.35,23783.3,23765.65,23767.15,0
2026-07-24 14:35:00,23766.65,23776.7,23761.05,23772.35,0
2026-07-24 14:40:00,23772.5,23778.15,23760.2,23768.4,0
2026-07-24 14:45:00,23768.1,23774.15,23761.85,23773.7,0
2026-07-24 14:50:00,23773.15,23794.15,23770.8,23790.45,0
2026-07-24 14:55:00,23791.35,23792.7,23773.3,23776.8,0
2026-07-24 15:00:00,23777.95,23782.45,23747.65,23756.4,0
2026-07-24 15:05:00,23756.45,23764.25,23751.35,23757.15,0
2026-07-24 15:10:00,23757.35,23772.35,23751.95,23771.9,0
2026-07-24 15:15:00,23771.45,23789.8,23767.45,23772.7,0
2026-07-24 15:20:00,23774.2,23782.2,23772.2,23779.4,0
2026-07-24 15:25:00,23779.3,23792.95,23772.05,23787.0,0
2026-07-27 09:15:00,23929.5,23963.2,23897.2,23912.3,0
2026-07-27 09:20:00,23913.75,23939.5,23911.75,23929.4,0
2026-07-27 09:25:00,23930.35,23940.75,23913.6,23939.95,0
2026-07-27 09:30:00,23941.8,23948.85,23927.75,23937.35,0
2026-07-27 09:35:00,23939.6,23952.3,23936.05,23944.1,0
2026-07-27 09:40:00,23944.9,23951.3,23941.1,23951.05,0
2026-07-27 09:45:00,23952.1,23955.9,23945.05,23951.85,0
2026-07-27 09:50:00,23953.45,23953.45,23929.5,23933.4,0
2026-07-27 09:55:00,23934.95,23936.0,23916.8,23933.85,0
2026-07-27 10:00:00,23933.35,23934.9,23916.75,23918.85,0
2026-07-27 10:05:00,23920.4,23925.8,23909.0,23912.6,0
2026-07-27 10:10:00,23913.25,23933.35,23910.4,23933.3,0
2026-07-27 10:15:00,23934.0,23935.75,23920.65,23923.95,0
2026-07-27 10:20:00,23925.35,23925.5,23908.75,23911.4,0
2026-07-27 10:25:00,23912.8,23918.4,23910.3,23915.2,0
2026-07-27 10:30:00,23917.05,23924.05,23906.5,23915.9,0
2026-07-27 10:35:00,23917.45,23917.45,23891.7,23892.1,0
2026-07-27 10:40:00,23894.25,23927.65,23892.25,23925.3,0
2026-07-27 10:45:00,23927.25,23927.75,23912.5,23917.2,0
2026-07-27 10:50:00,23918.3,23924.3,23907.8,23917.1,0
2026-07-27 10:55:00,23917.8,23939.3,23911.05,23933.45,0
2026-07-27 11:00:00,23935.6,23938.4,23927.7,23930.05,0
2026-07-27 11:05:00,23931.15,23936.25,23920.0,23932.85,0
2026-07-27 11:10:00,23936.05,23937.45,23922.75,23924.75,0
2026-07-27 11:15:00,23926.0,23945.0,23923.35,23944.4,0
2026-07-27 11:20:00,23945.7,23950.95,23939.5,23949.45,0
2026-07-27 11:25:00,23951.55,23968.2,23949.1,23961.9,0
2026-07-27 11:30:00,23963.55,23971.75,23958.9,23964.0,0
2026-07-27 11:35:00,23966.45,23966.45,23956.3,23960.2,0
2026-07-27 11:40:00,23961.7,23968.9,23959.4,23963.55,0
2026-07-27 11:45:00,23966.05,23970.3,23952.65,23954.2,0
2026-07-27 11:50:00,23956.25,23961.0,23949.1,23959.7,0
2026-07-27 11:55:00,23961.95,23972.8,23959.25,23963.4,0
2026-07-27 12:00:00,23965.7,23967.4,23953.15,23955.3,0
2026-07-27 12:05:00,23957.3,23958.05,23949.05,23952.35,0
2026-07-27 12:10:00,23954.3,23963.15,23945.6,23956.2,0
2026-07-27 12:15:00,23959.05,23965.8,23955.1,23959.25,0
2026-07-27 12:20:00,23960.6,23961.75,23952.9,23957.9,0
2026-07-27 12:25:00,23960.3,23962.9,23954.25,23954.75,0
2026-07-27 12:30:00,23956.9,23967.3,23951.1,23958.5,0
2026-07-27 12:35:00,23961.8,23961.8,23948.8,23951.2,0
2026-07-27 12:40:00,23952.05,23953.35,23943.05,23951.2,0
2026-07-27 12:45:00,23952.55,23957.65,23949.2,23951.2,0
2026-07-27 12:50:00,23953.8,23958.0,23946.85,23949.0,0
2026-07-27 12:55:00,23951.3,23958.05,23943.75,23953.9,0
2026-07-27 13:00:00,23955.85,23968.8,23948.2,23962.7,0
2026-07-27 13:05:00,23965.8,23970.7,23959.6,23962.2,0
2026-07-27 13:10:00,23964.55,23970.8,23959.0,23970.1,0
2026-07-27 13:15:00,23971.9,23979.15,23969.35,23972.3,0
2026-07-27 13:20:00,23974.2,23975.7,23968.1,23972.2,0
2026-07-27 13:25:00,23973.8,23973.8,23954.3,23954.55,0
2026-07-27 13:30:00,23956.25,23960.85,23938.5,23938.5,0
2026-07-27 13:35:00,23940.6,23959.55,23935.4,23958.35,0
2026-07-27 13:40:00,23959.95,23960.7,23946.6,23956.25,0
2026-07-27 13:45:00,23958.25,23967.25,23953.25,23957.65,0
2026-07-27 13:50:00,23959.0,23967.3,23954.1,23964.3,0
2026-07-27 13:55:00,23965.8,23972.4,23962.0,23971.35,0
2026-07-27 14:00:00,23973.6,23989.5,23970.5,23984.65,0
2026-07-27 14:05:00,23986.75,23995.15,23981.25,23993.25,0
2026-07-27 14:10:00,23995.95,23998.3,23987.7,23995.9,0
2026-07-27 14:15:00,23997.55,23998.85,23984.55,23990.15,0
2026-07-27 14:20:00,23992.55,23998.4,23988.5,23998.25,0
2026-07-27 14:25:00,23999.3,24009.7,23995.2,24006.7,0
2026-07-27 14:30:00,24008.65,24011.1,23996.0,23998.1,0
2026-07-27 14:35:00,24000.45,24003.7,23988.3,23998.1,0
2026-07-27 14:40:00,23999.6,24001.75,23988.8,23996.25,0
2026-07-27 14:45:00,23997.65,24003.5,23986.9,23992.65,0
2026-07-27 14:50:00,23995.2,24000.35,23984.8,23985.4,0
2026-07-27 14:55:00,23986.75,23997.4,23984.1,23989.15,0
2026-07-27 15:00:00,23989.55,24000.85,23988.5,23990.7,0
2026-07-27 15:05:00,23991.2,23998.3,23990.6,23995.85,0
2026-07-27 15:10:00,23996.85,24001.75,23986.4,23987.15,0
2026-07-27 15:15:00,23985.1,23997.15,23985.1,23996.75,0
2026-07-27 15:20:00,23995.35,24007.45,23993.0,24003.75,0
2026-07-27 15:25:00,24003.2,24008.1,23996.6,24003.65,0
2026-07-28 09:15:00,23973.0,24039.85,23969.25,24029.7,0
2026-07-28 09:20:00,24030.15,24037.05,24011.15,24015.55,0
2026-07-28 09:25:00,24015.3,24015.45,23994.1,24006.8,0
2026-07-28 09:30:00,24006.25,24013.4,23985.75,23993.4,0
2026-07-28 09:35:00,23994.3,24020.45,23993.9,24018.75,0
2026-07-28 09:40:00,24020.05,24025.2,24015.25,24018.05,0
2026-07-28 09:45:00,24018.6,24019.9,24005.2,24012.95,0
2026-07-28 09:50:00,24012.25,24014.05,23995.25,24012.4,0
2026-07-28 09:55:00,24012.7,24017.95,24007.35,24012.25,0
2026-07-28 10:00:00,24011.7,24013.55,23967.15,23973.0,0
2026-07-28 10:05:00,23972.9,23978.6,23962.15,23971.25,0
2026-07-28 10:10:00,23971.3,23988.4,23962.45,23986.25,0
2026-07-28 10:15:00,23985.6,24006.1,23985.05,23997.4,0
2026-07-28 10:20:00,23997.8,23999.55,23984.8,23994.7,0
2026-07-28 10:25:00,23994.95,24001.9,23985.65,23985.85,0
2026-07-28 10:30:00,23986.55,24007.3,23986.2,23999.15,0
2026-07-28 10:35:00,24000.9,24014.0,23996.1,24007.8,0
2026-07-28 10:40:00,24007.5,24023.35,24006.1,24020.1,0
2026-07-28 10:45:00,24020.35,24033.35,24020.0,24030.2,0
2026-07-28 10:50:00,24030.7,24039.0,24025.6,24036.45,0
2026-07-28 10:55:00,24036.4,24041.0,24032.7,24035.75,0
2026-07-28 11:00:00,24036.65,24039.55,24017.9,24024.45,0
2026-07-28 11:05:00,24023.7,24025.8,24017.95,24024.1,0
2026-07-28 11:10:00,24023.75,24024.55,24010.05,24014.6,0
2026-07-28 11:15:00,24015.2,24029.8,24014.9,24024.95,0
2026-07-28 11:20:00,24025.3,24026.15,24013.45,24014.65,0
2026-07-28 11:25:00,24014.9,24021.3,24010.65,24013.9,0
2026-07-28 11:30:00,24014.45,24016.15,24001.8,24002.8,0
2026-07-28 11:35:00,24002.1,24010.65,23999.95,24010.35,0
2026-07-28 11:40:00,24010.7,24025.05,24008.15,24021.2,0
2026-07-28 11:45:00,24020.9,24036.8,24018.5,24030.75,0
2026-07-28 11:50:00,24030.8,24031.9,24011.2,24014.3,0
2026-07-28 11:55:00,24013.75,24015.85,24003.65,24011.0,0
2026-07-28 12:00:00,24011.05,24014.2,24003.75,24008.8,0
2026-07-28 12:05:00,24008.25,24022.75,24005.65,24021.45,0
2026-07-28 12:10:00,24020.75,24028.6,24018.2,24026.25,0
2026-07-28 12:15:00,24026.5,24028.4,24015.3,24017.75,0
2026-07-28 12:20:00,24017.35,24020.25,24010.85,24017.75,0
2026-07-28 12:25:00,24017.7,24028.9,24012.85,24023.35,0
2026-07-28 12:30:00,24023.5,24027.25,24017.6,24017.7,0
2026-07-28 12:35:00,24017.3,24021.3,24009.4,24018.95,0
2026-07-28 12:40:00,24018.15,24023.45,24014.3,24015.55,0
2026-07-28 12:45:00,24015.65,24022.0,24011.15,24014.5,0
2026-07-28 12:50:00,24015.25,24016.2,24009.35,24013.45,0
2026-07-28 12:55:00,24014.25,24017.95,24003.9,24003.9,0
2026-07-28 13:00:00,24004.05,24008.75,24000.85,24002.15,0
2026-07-28 13:05:00,24003.35,24007.85,24000.35,24004.9,0
2026-07-28 13:10:00,24005.7,24006.35,23982.9,23983.05,0
2026-07-28 13:15:00,23982.65,23984.05,23968.65,23978.55,0
2026-07-28 13:20:00,23979.35,23993.7,23974.55,23991.6,0
2026-07-28 13:25:00,23991.15,23991.15,23982.1,23984.85,0
2026-07-28 13:30:00,23984.85,23992.5,23980.5,23987.05,0
2026-07-28 13:35:00,23986.65,23993.1,23982.1,23985.0,0
2026-07-28 13:40:00,23985.2,23986.8,23977.4,23983.35,0
2026-07-28 13:45:00,23983.35,23984.25,23972.4,23980.4,0
2026-07-28 13:50:00,23980.65,24009.15,23980.45,24006.2,0
2026-07-28 13:55:00,24006.4,24011.75,23995.45,24001.9,0
2026-07-28 14:00:00,24000.85,24005.0,23997.0,24001.4,0
2026-07-28 14:05:00,24003.55,24005.9,23996.7,23998.2,0
2026-07-28 14:10:00,23998.0,23999.85,23989.75,23993.7,0
2026-07-28 14:15:00,23993.35,24001.25,23987.2,23991.7,0
2026-07-28 14:20:00,23991.4,23996.4,23985.0,23987.1,0
2026-07-28 14:25:00,23988.3,23998.4,23986.2,23987.55,0
2026-07-28 14:30:00,23986.25,23986.7,23970.1,23974.8,0
2026-07-28 14:35:00,23973.4,23993.75,23972.2,23988.9,0
2026-07-28 14:40:00,23991.45,23998.5,23981.45,23996.2,0
2026-07-28 14:45:00,23995.35,23995.45,23974.3,23975.65,0
2026-07-28 14:50:00,23975.3,23991.1,23968.1,23987.95,0
2026-07-28 14:55:00,23986.8,23991.0,23977.15,23980.9,0
2026-07-28 15:00:00,23981.6,23985.15,23954.7,23962.9,0
2026-07-28 15:05:00,23963.4,23971.35,23962.6,23966.0,0
2026-07-28 15:10:00,23966.0,23970.2,23961.9,23969.4,0
2026-07-28 15:15:00,23969.4,24004.4,23968.7,24002.4,0
2026-07-28 15:20:00,24004.2,24013.35,23989.1,23991.75,0
2026-07-28 15:25:00,23990.55,23995.65,23976.4,23987.8,0
2026-07-29 09:15:00,24176.65,24195.5,24141.75,24187.1,0
2026-07-29 09:20:00,24187.15,24191.55,24162.0,24177.35,0
2026-07-29 09:25:00,24177.85,24196.2,24170.9,24178.5,0
2026-07-29 09:30:00,24175.6,24193.45,24175.6,24187.95,0
2026-07-29 09:35:00,24188.15,24210.75,24185.95,24208.3,0
2026-07-29 09:40:00,24208.5,24217.65,24199.05,24212.2,0
2026-07-29 09:45:00,24211.85,24218.4,24204.0,24218.0,0
2026-07-29 09:50:00,24217.95,24221.6,24197.2,24204.95,0
2026-07-29 09:55:00,24205.55,24209.15,24184.95,24187.65,0
2026-07-29 10:00:00,24186.3,24207.0,24186.3,24204.65,0
2026-07-29 10:05:00,24204.4,24223.4,24203.9,24220.6,0
2026-07-29 10:10:00,24219.65,24223.75,24213.1,24221.3,0
2026-07-29 10:15:00,24220.9,24229.1,24214.0,24220.05,0
2026-07-29 10:20:00,24219.55,24232.7,24219.55,24228.9,0
2026-07-29 10:25:00,24231.3,24235.35,24224.8,24225.3,0
2026-07-29 10:30:00,24224.75,24236.55,24221.75,24234.2,0
2026-07-29 10:35:00,24234.15,24238.3,24229.3,24231.15,0
2026-07-29 10:40:00,24230.7,24238.35,24230.2,24233.8,0
2026-07-29 10:45:00,24233.7,24234.05,24213.4,24219.0,0
2026-07-29 10:50:00,24219.5,24221.85,24214.25,24218.15,0
2026-07-29 10:55:00,24218.4,24226.3,24218.3,24220.65,0
2026-07-29 11:00:00,24221.2,24234.1,24215.25,24232.4,0
2026-07-29 11:05:00,24232.35,24243.85,24230.85,24238.65,0
2026-07-29 11:10:00,24238.75,24241.6,24229.2,24233.7,0
2026-07-29 11:15:00,24233.3,24235.2,24223.35,24230.35,0
2026-07-29 11:20:00,24230.2,24241.35,24228.1,24237.25,0
2026-07-29 11:25:00,24237.05,24241.1,24232.4,24232.4,0
2026-07-29 11:30:00,24232.15,24237.1,24228.45,24229.3,0
2026-07-29 11:35:00,24229.8,24231.1,24218.75,24221.35,0
2026-07-29 11:40:00,24221.85,24235.2,24221.3,24232.25,0
2026-07-29 11:45:00,24232.5,24240.35,24227.8,24231.8,0
2026-07-29 11:50:00,24231.9,24234.2,24223.9,24228.95,0
2026-07-29 11:55:00,24229.2,24231.1,24219.8,24225.65,0
2026-07-29 12:00:00,24225.85,24232.45,24223.25,24230.2,0
2026-07-29 12:05:00,24230.35,24247.45,24229.45,24244.7,0
2026-07-29 12:10:00,24244.05,24246.15,24236.2,24238.45,0
2026-07-29 12:15:00,24238.8,24240.4,24227.0,24228.25,0
2026-07-29 12:20:00,24229.05,24234.55,24225.4,24227.4,0
2026-07-29 12:25:00,24228.05,24229.55,24219.7,24221.5,0
2026-07-29 12:30:00,24222.1,24233.0,24221.05,24231.3,0
2026-07-29 12:35:00,24232.05,24234.95,24225.65,24228.05,0
2026-07-29 12:40:00,24228.05,24232.45,24218.9,24220.8,0
2026-07-29 12:45:00,24221.45,24225.15,24210.6,24210.65,0
2026-07-29 12:50:00,24211.05,24229.15,24209.95,24227.1,0
2026-07-29 12:55:00,24227.4,24231.45,24222.15,24228.75,0
2026-07-29 13:00:00,24228.85,24240.85,24228.65,24235.9,0
2026-07-29 13:05:00,24236.3,24255.25,24236.3,24252.25,0
2026-07-29 13:10:00,24253.05,24261.35,24252.65,24257.55,0
2026-07-29 13:15:00,24257.4,24259.9,24248.5,24254.55,0
2026-07-29 13:20:00,24254.25,24255.15,24245.8,24246.5,0
2026-07-29 13:25:00,24247.05,24254.2,24244.55,24245.8,0
2026-07-29 13:30:00,24245.75,24256.7,24245.0,24255.0,0
2026-07-29 13:35:00,24255.1,24256.85,24243.35,24245.15,0
2026-07-29 13:40:00,24245.45,24251.7,24236.0,24238.4,0
2026-07-29 13:45:00,24236.2,24257.5,24235.65,24246.2,0
2026-07-29 13:50:00,24245.85,24259.95,24245.35,24258.25,0
2026-07-29 13:55:00,24257.9,24259.25,24249.65,24250.5,0
2026-07-29 14:00:00,24249.75,24271.15,24249.75,24267.1,0
2026-07-29 14:05:00,24269.15,24271.6,24258.1,24263.85,0
2026-07-29 14:10:00,24263.6,24271.7,24261.15,24263.8,0
2026-07-29 14:15:00,24263.8,24277.7,24263.3,24274.1,0
2026-07-29 14:20:00,24274.2,24278.05,24266.3,24270.05,0
2026-07-29 14:25:00,24269.95,24274.75,24263.4,24272.65,0
2026-07-29 14:30:00,24272.1,24279.0,24267.1,24270.15,0
2026-07-29 14:35:00,24270.15,24271.5,24259.55,24263.35,0
2026-07-29 14:40:00,24263.6,24266.1,24251.45,24259.6,0
2026-07-29 14:45:00,24259.65,24277.25,24259.65,24267.2,0
2026-07-29 14:50:00,24267.05,24274.0,24262.25,24273.3,0
2026-07-29 14:55:00,24272.75,24283.0,24271.45,24272.5,0
2026-07-29 15:00:00,24274.4,24278.55,24260.9,24262.5,0
2026-07-29 15:05:00,24263.05,24263.05,24251.6,24258.95,0
2026-07-29 15:10:00,24259.4,24261.9,24249.7,24252.0,0
2026-07-29 15:15:00,24251.45,24251.9,24238.75,24241.75,0
2026-07-29 15:20:00,24243.55,24247.1,24234.75,24238.05,0
2026-07-29 15:25:00,24238.2,24245.8,24231.05,24242.0,0
2026-07-30 09:15:00,24250.4,24266.65,24190.0,24266.55,0
2026-07-30 09:20:00,24266.45,24278.05,24255.35,24273.0,0
2026-07-30 09:25:00,24273.05,24280.25,24268.55,24276.95,0
2026-07-30 09:30:00,24274.5,24287.25,24267.55,24274.4,0
2026-07-30 09:35:00,24275.0,24278.65,24254.6,24258.55,0
2026-07-30 09:40:00,24258.7,24261.65,24245.8,24255.85,0
2026-07-30 09:45:00,24257.25,24283.3,24250.05,24271.55,0
2026-07-30 09:50:00,24272.7,24285.55,24260.1,24262.0,0
2026-07-30 09:55:00,24262.8,24280.0,24258.8,24275.6,0
2026-07-30 10:00:00,24276.75,24281.3,24269.1,24275.7,0
2026-07-30 10:05:00,24275.9,24279.15,24260.0,24260.4,0
2026-07-30 10:10:00,24261.9,24264.8,24241.5,24243.5,0
2026-07-30 10:15:00,24243.75,24261.15,24242.6,24243.65,0
2026-07-30 10:20:00,24244.45,24251.2,24236.0,24248.65,0
2026-07-30 10:25:00,24249.85,24251.65,24231.15,24232.1,0
2026-07-30 10:30:00,24232.75,24238.2,24224.85,24237.6,0
2026-07-30 10:35:00,24238.25,24251.65,24232.85,24243.6,0
2026-07-30 10:40:00,24243.5,24261.35,24236.6,24259.15,0
2026-07-30 10:45:00,24260.25,24262.7,24253.35,24258.45,0
2026-07-30 10:50:00,24259.5,24270.65,24258.6,24259.9,0
2026-07-30 10:55:00,24261.15,24264.15,24253.2,24256.9,0
2026-07-30 11:00:00,24256.45,24265.0,24248.15,24261.9,0
2026-07-30 11:05:00,24262.1,24263.6,24249.45,24257.1,0
2026-07-30 11:10:00,24256.8,24270.55,24256.8,24265.05,0
2026-07-30 11:15:00,24264.9,24282.5,24262.7,24273.15,0
2026-07-30 11:20:00,24273.0,24278.25,24262.1,24267.1,0
2026-07-30 11:25:00,24266.35,24279.4,24265.1,24274.6,0
2026-07-30 11:30:00,24274.2,24277.85,24267.15,24277.15,0
2026-07-30 11:35:00,24277.4,24279.45,24269.6,24270.9,0
2026-07-30 11:40:00,24270.05,24274.55,24264.85,24265.5,0
2026-07-30 11:45:00,24265.8,24266.7,24251.05,24256.3,0
2026-07-30 11:50:00,24256.65,24260.55,24251.55,24255.65,0
2026-07-30 11:55:00,24255.8,24265.4,24254.4,24262.5,0
2026-07-30 12:00:00,24262.6,24263.85,24253.3,24260.6,0
2026-07-30 12:05:00,24261.05,24266.4,24252.25,24253.5,0
2026-07-30 12:10:00,24253.65,24261.3,24248.85,24254.1,0
2026-07-30 12:15:00,24253.95,24260.2,24249.0,24260.2,0
2026-07-30 12:20:00,24260.15,24267.4,24257.2,24258.8,0
2026-07-30 12:25:00,24258.8,24267.45,24256.1,24264.05,0
2026-07-30 12:30:00,24264.3,24331.05,24261.95,24306.75,0
2026-07-30 12:35:00,24306.6,24321.1,24293.35,24304.05,0
2026-07-30 12:40:00,24303.65,24314.5,24297.65,24308.35,0
2026-07-30 12:45:00,24308.45,24309.55,24294.6,24301.05,0
2026-07-30 12:50:00,24300.15,24304.3,24291.55,24297.3,0
2026-07-30 12:55:00,24296.7,24300.55,24290.8,24295.7,0
2026-07-30 13:00:00,24295.65,24296.25,24279.3,24282.65,0
2026-07-30 13:05:00,24282.0,24297.55,24276.5,24281.9,0
2026-07-30 13:10:00,24281.05,24283.15,24248.85,24264.0,0
2026-07-30 13:15:00,24264.05,24267.15,24259.1,24264.7,0
2026-07-30 13:20:00,24264.95,24281.95,24264.35,24279.35,0
2026-07-30 13:25:00,24279.25,24285.55,24267.3,24269.4,0
2026-07-30 13:30:00,24269.15,24278.7,24266.9,24276.9,0
2026-07-30 13:35:00,24276.9,24300.25,24275.75,24287.25,0
2026-07-30 13:40:00,24287.15,24298.55,24287.15,24289.45,0
2026-07-30 13:45:00,24288.4,24289.6,24279.9,24280.05,0
2026-07-30 13:50:00,24280.15,24296.45,24272.3,24295.5,0
2026-07-30 13:55:00,24295.1,24299.45,24275.95,24283.85,0
2026-07-30 14:00:00,24283.35,24287.75,24277.1,24281.1,0
2026-07-30 14:05:00,24280.45,24282.75,24261.55,24263.8,0
2026-07-30 14:10:00,24263.7,24267.7,24255.45,24255.7,0
2026-07-30 14:15:00,24255.2,24260.25,24247.7,24257.2,0
2026-07-30 14:20:00,24256.8,24257.55,24236.55,24244.2,0
2026-07-30 14:25:00,24244.6,24245.0,24228.95,24235.0,0
2026-07-30 14:30:00,24235.3,24257.95,24227.25,24246.6,0
2026-07-30 14:35:00,24245.15,24268.55,24237.7,24267.55,0
2026-07-30 14:40:00,24267.65,24269.6,24249.9,24258.7,0
2026-07-30 14:45:00,24258.85,24283.45,24251.1,24277.6,0
2026-07-30 14:50:00,24276.6,24277.8,24266.3,24267.95,0
2026-07-30 14:55:00,24267.55,24276.15,24264.0,24272.85,0
2026-07-30 15:00:00,24273.1,24302.35,24268.75,24299.85,0
2026-07-30 15:05:00,24301.1,24325.6,24296.85,24319.2,0
2026-07-30 15:10:00,24321.35,24329.55,24316.6,24318.25,0
2026-07-30 15:15:00,24316.9,24318.75,24307.95,24314.75,0
2026-07-30 15:20:00,24314.95,24340.85,24309.8,24335.65,0
2026-07-30 15:25:00,24337.05,24342.95,24292.75,24296.6,0
2026-07-31 09:15:00,24359.8,24377.55,24328.2,24350.5,0
2026-07-31 09:20:00,24350.3,24365.25,24341.1,24353.15,0
2026-07-31 09:25:00,24353.6,24355.3,24341.2,24345.75,0
2026-07-31 09:30:00,24344.75,24347.7,24308.9,24312.25,0
2026-07-31 09:35:00,24312.05,24315.8,24299.7,24310.0,0
2026-07-31 09:40:00,24310.3,24352.9,24309.1,24349.3,0
2026-07-31 09:45:00,24348.9,24360.65,24335.75,24358.65,0
2026-07-31 09:50:00,24358.7,24361.45,24338.35,24354.8,0
2026-07-31 09:55:00,24354.2,24362.95,24350.4,24357.55,0
2026-07-31 10:00:00,24357.6,24359.65,24347.75,24351.0,0
2026-07-31 10:05:00,24350.6,24352.0,24333.65,24341.6,0
2026-07-31 10:10:00,24341.3,24352.7,24339.75,24346.05,0
2026-07-31 10:15:00,24346.2,24348.65,24332.9,24347.75,0
2026-07-31 10:20:00,24347.4,24355.45,24345.6,24353.85,0
2026-07-31 10:25:00,24353.5,24355.35,24346.3,24352.1,0
2026-07-31 10:30:00,24350.8,24354.9,24337.15,24341.0,0
2026-07-31 10:35:00,24340.45,24361.05,24336.15,24357.7,0
2026-07-31 10:40:00,24357.4,24359.9,24350.6,24353.55,0
2026-07-31 10:45:00,24353.0,24362.35,24352.05,24356.75,0
2026-07-31 10:50:00,24355.75,24357.4,24345.3,24351.6,0
2026-07-31 10:55:00,24352.65,24356.65,24348.4,24354.2,0
2026-07-31 11:00:00,24354.1,24357.3,24346.8,24354.65,0
2026-07-31 11:05:00,24354.35,24355.5,24335.95,24337.7,0
2026-07-31 11:10:00,24337.1,24357.9,24334.15,24357.75,0
2026-07-31 11:15:00,24357.75,24365.35,24355.7,24362.9,0
2026-07-31 11:20:00,24362.0,24370.55,24362.0,24367.75,0
2026-07-31 11:25:00,24366.45,24374.95,24363.9,24365.7,0
2026-07-31 11:30:00,24366.25,24370.0,24360.2,24363.05,0
2026-07-31 11:35:00,24362.7,24369.9,24360.45,24360.95,0
2026-07-31 11:40:00,24361.35,24367.0,24357.85,24364.7,0
2026-07-31 11:45:00,24364.6,24366.55,24359.0,24362.05,0
2026-07-31 11:50:00,24362.1,24369.1,24358.35,24361.6,0
2026-07-31 11:55:00,24362.75,24368.45,24361.1,24364.45,0
2026-07-31 12:00:00,24364.85,24368.55,24361.35,24362.3,0
2026-07-31 12:05:00,24362.25,24374.3,24360.95,24371.9,0
2026-07-31 12:10:00,24371.9,24382.5,24365.8,24382.1,0
2026-07-31 12:15:00,24381.55,24384.35,24374.3,24374.7,0
2026-07-31 12:20:00,24374.65,24380.15,24374.4,24378.45,0
2026-07-31 12:25:00,24378.65,24392.9,24378.0,24386.3,0
2026-07-31 12:30:00,24385.7,24392.8,24378.65,24392.6,0
2026-07-31 12:35:00,24392.85,24397.5,24389.8,24396.15,0
2026-07-31 12:40:00,24396.75,24404.45,24394.5,24401.75,0
2026-07-31 12:45:00,24402.0,24413.95,24400.05,24413.1,0
2026-07-31 12:50:00,24412.55,24414.8,24402.85,24408.75,0
2026-07-31 12:55:00,24408.9,24424.55,24407.9,24413.75,0
2026-07-31 13:00:00,24412.95,24417.35,24407.55,24414.45,0
2026-07-31 13:05:00,24414.75,24427.85,24414.45,24418.85,0
2026-07-31 13:10:00,24419.15,24421.45,24412.15,24414.8,0
2026-07-31 13:15:00,24414.3,24421.75,24412.7,24420.6,0
2026-07-31 13:20:00,24420.7,24426.2,24415.55,24423.6,0
2026-07-31 13:25:00,24423.15,24429.4,24414.35,24417.85,0
2026-07-31 13:30:00,24417.9,24419.8,24396.05,24398.8,0
2026-07-31 13:35:00,24399.2,24411.3,24397.9,24400.15,0
2026-07-31 13:40:00,24400.4,24402.6,24391.45,24395.2,0
2026-07-31 13:45:00,24395.75,24403.05,24390.2,24400.15,0
2026-07-31 13:50:00,24399.7,24406.45,24397.5,24403.9,0
2026-07-31 13:55:00,24404.95,24413.1,24402.75,24412.2,0
2026-07-31 14:00:00,24413.05,24413.75,24394.05,24394.75,0
2026-07-31 14:05:00,24395.75,24397.8,24386.0,24391.15,0
2026-07-31 14:10:00,24392.2,24406.4,24389.85,24402.65,0
